From Location(Scorer),X Coordinate,Y Coordinate
Fairway,10834.91500000000000000000,9973.89400000000000000000
Fairway,10843.52300000000000000000,9978.01400000000000000000
Fairway,10820.53200000000000000000,9977.04700000000000000000
Fairway,10833.89900000000000000000,9986.00100000000000000000
Fairway,10839.21300000000000000000,9948.52800000000000000000
Fairway,10857.22000000000000000000,9973.00500000000000000000
Fairway,10834.74900000000000000000,9986.79300000000000000000
Fairway,10837.26600000000000000000,9997.18900000000000000000
Fairway,10829.76600000000000000000,9991.18600000000000000000
Fairway,10837.68700000000000000000,9939.75800000000000000000
Fairway,10848.81500000000000000000,9993.09300000000000000000
Fairway,10849.23000000000000000000,9981.80300000000000000000
Fairway,10827.58300000000000000000,9977.12000000000000000000
Fairway,10847.62100000000000000000,9972.63200000000000000000
Fairway,10863.12700000000000000000,9915.31000000000000000000
Fairway,10805.05700000000000000000,9908.01300000000000000000
Fairway,10872.35000000000000000000,9945.07600000000000000000
Fairway,10872.51700000000000000000,9911.66700000000000000000
Fairway,10864.62100000000000000000,9946.33700000000000000000
Fairway,10854.87800000000000000000,9945.38600000000000000000
Fairway,10820.31300000000000000000,9967.65500000000000000000
Fairway,10872.50000000000000000000,9934.29800000000000000000
Fairway,10879.06200000000000000000,9956.23700000000000000000
Fairway,10872.54300000000000000000,10004.85000000000000000000
Fairway,10840.78300000000000000000,10002.09300000000000000000
Fairway,10821.93500000000000000000,9951.39700000000000000000
Fairway,10841.57300000000000000000,9965.02700000000000000000
Fairway,10828.49400000000000000000,9971.55100000000000000000
Fairway,10841.51600000000000000000,9973.09200000000000000000
Fairway,10836.32800000000000000000,9986.14500000000000000000
Fairway,10822.86100000000000000000,9939.27000000000000000000
Fairway,10837.23100000000000000000,9971.28900000000000000000
Fairway,10823.24200000000000000000,9985.81500000000000000000
Fairway,10835.68200000000000000000,9959.29200000000000000000
Fairway,10788.36700000000000000000,9922.27200000000000000000
Fairway,10830.27400000000000000000,9963.91900000000000000000
Fairway,10805.62200000000000000000,9928.80500000000000000000
Fairway,10836.68100000000000000000,9966.02000000000000000000
Fairway,10851.14300000000000000000,9982.72900000000000000000
Fairway,10830.77400000000000000000,9968.55400000000000000000
Fairway,10850.34200000000000000000,9974.87200000000000000000
Fairway,10844.44800000000000000000,9971.94300000000000000000
Fairway,10837.14100000000000000000,9960.69100000000000000000
Fairway,10832.59000000000000000000,9938.22800000000000000000
Fairway,10843.33100000000000000000,9963.22600000000000000000
Fairway,10852.24300000000000000000,9981.03500000000000000000
Fairway,10853.67700000000000000000,9962.53300000000000000000
Fairway,10842.83200000000000000000,9971.98900000000000000000
Fairway,10845.23100000000000000000,9982.19000000000000000000
Fairway,10841.65800000000000000000,9970.12300000000000000000
Fairway,10878.25900000000000000000,9946.79400000000000000000
Fairway,10872.91100000000000000000,9951.81100000000000000000
Fairway,10859.08900000000000000000,9945.96800000000000000000
Fairway,10842.88800000000000000000,9976.29700000000000000000
Fairway,10877.35400000000000000000,9956.65200000000000000000
Fairway,10863.70000000000000000000,9939.89100000000000000000
Fairway,10869.73000000000000000000,9947.24000000000000000000
Fairway,10870.04500000000000000000,9942.84500000000000000000
Fairway,10831.19800000000000000000,9969.70200000000000000000
Fairway,10869.34800000000000000000,9937.25900000000000000000
Fairway,10851.95600000000000000000,9960.94500000000000000000
Fairway,10840.59900000000000000000,9973.98400000000000000000
Fairway,10857.76500000000000000000,9995.20300000000000000000
Fairway,10824.29200000000000000000,9958.64100000000000000000
Fairway,10836.93400000000000000000,9967.51100000000000000000
Fairway,10844.13100000000000000000,9976.32800000000000000000
Fairway,10848.64800000000000000000,9954.80500000000000000000
Fairway,10837.28100000000000000000,9959.32200000000000000000
Fairway,10845.85700000000000000000,9985.00800000000000000000
Fairway,10862.26300000000000000000,9943.62800000000000000000
Fairway,10841.49200000000000000000,9948.91700000000000000000
Fairway,10872.59300000000000000000,9965.15800000000000000000
Fairway,10879.03800000000000000000,9956.22100000000000000000
Fairway,10860.97300000000000000000,9940.38100000000000000000
Fairway,10883.38600000000000000000,9946.24700000000000000000
Fairway,10830.89100000000000000000,9920.74500000000000000000
Fairway,10844.99500000000000000000,9938.88800000000000000000
Fairway,10866.59800000000000000000,9942.83600000000000000000
Fairway,10872.62900000000000000000,9935.05800000000000000000
Fairway,10869.54700000000000000000,9941.64400000000000000000
Fairway,10841.03400000000000000000,9924.87200000000000000000
Fairway,10885.12800000000000000000,9948.96200000000000000000
Fairway,10849.33000000000000000000,9936.15500000000000000000
Fairway,10804.85200000000000000000,9925.50900000000000000000
Fairway,10878.43200000000000000000,9936.30200000000000000000
Fairway,10854.92500000000000000000,9942.97800000000000000000
Fairway,10869.23800000000000000000,9945.28400000000000000000
Fairway,10842.71300000000000000000,9956.43800000000000000000
Fairway,10855.33000000000000000000,9943.73600000000000000000
Fairway,10862.56600000000000000000,9964.19000000000000000000
Fairway,10831.83000000000000000000,9947.24100000000000000000
Fairway,10873.59900000000000000000,9938.57100000000000000000
Fairway,10839.93600000000000000000,9925.65600000000000000000
Fairway,10795.30000000000000000000,9935.82000000000000000000
Fairway,10840.21200000000000000000,9975.98500000000000000000
Fairway,10848.52000000000000000000,9961.86500000000000000000
Fairway,10837.82800000000000000000,9984.42200000000000000000
Fairway,10835.69500000000000000000,9974.61100000000000000000
Fairway,10872.25900000000000000000,9961.07000000000000000000
Fairway,10887.50700000000000000000,9946.92000000000000000000
Fairway,10884.34400000000000000000,9943.83900000000000000000
Fairway,10862.17800000000000000000,9877.89100000000000000000
Fairway,10886.94900000000000000000,9935.27200000000000000000
Fairway,10856.30900000000000000000,9956.25700000000000000000
Fairway,10832.06100000000000000000,9923.84100000000000000000
Fairway,10868.13200000000000000000,9937.44700000000000000000
Fairway,10881.34000000000000000000,9930.18500000000000000000
Fairway,10837.53000000000000000000,9990.54700000000000000000
Fairway,10861.74200000000000000000,9959.94900000000000000000
Fairway,10832.82000000000000000000,9967.52800000000000000000
Fairway,10823.64600000000000000000,9977.17500000000000000000
Fairway,10845.73300000000000000000,9965.37000000000000000000
Fairway,10831.80500000000000000000,9960.06400000000000000000
Fairway,10847.88200000000000000000,9964.42700000000000000000
Fairway,10817.41800000000000000000,9971.86400000000000000000
Fairway,10840.25900000000000000000,9971.42400000000000000000
Fairway,10847.78200000000000000000,9982.32700000000000000000
Fairway,10828.77700000000000000000,9960.39300000000000000000
Fairway,10826.40000000000000000000,9990.28000000000000000000
Fairway,10852.83900000000000000000,10000.09600000000000000000
Fairway,10845.30900000000000000000,9963.05500000000000000000
Fairway,10852.33400000000000000000,9977.50100000000000000000
Fairway,10852.42300000000000000000,9968.33000000000000000000
Fairway,10830.19300000000000000000,9955.01900000000000000000
Fairway,10848.14600000000000000000,9961.45700000000000000000
Fairway,10834.31400000000000000000,9961.38700000000000000000
Fairway,10865.94000000000000000000,9928.74500000000000000000
Fairway,10853.10000000000000000000,9942.47100000000000000000
Fairway,10873.28200000000000000000,9951.70500000000000000000
Fairway,10857.18900000000000000000,9932.48500000000000000000
Fairway,10871.10000000000000000000,9909.89000000000000000000
Fairway,10855.36900000000000000000,10015.75800000000000000000
Fairway,10870.95900000000000000000,9959.89400000000000000000
Fairway,10878.48700000000000000000,9931.76800000000000000000
Fairway,10833.62900000000000000000,9946.79500000000000000000
Fairway,10837.83800000000000000000,9971.82200000000000000000
Fairway,10841.83000000000000000000,9984.76700000000000000000
Fairway,10830.30500000000000000000,9961.09900000000000000000
Fairway,10842.10800000000000000000,9996.65500000000000000000
Fairway,10820.71100000000000000000,9953.73200000000000000000
Fairway,10819.36800000000000000000,9963.34500000000000000000
Fairway,10852.62200000000000000000,9954.46900000000000000000
Fairway,10860.88100000000000000000,9942.18400000000000000000
Fairway,10869.77300000000000000000,9950.97900000000000000000
Fairway,10848.57200000000000000000,9934.28300000000000000000
Fairway,10844.70500000000000000000,9958.64900000000000000000
Fairway,10872.83700000000000000000,9937.68000000000000000000
Fairway,10868.67500000000000000000,9946.81800000000000000000
Fairway,10834.59100000000000000000,9976.79000000000000000000
Fairway,10826.46300000000000000000,9955.12300000000000000000
Fairway,10833.23100000000000000000,9968.37000000000000000000
Fairway,10828.89400000000000000000,9967.21800000000000000000
Fairway,10831.45200000000000000000,10000.24300000000000000000
Fairway,10813.38900000000000000000,10043.50200000000000000000
Fairway,10875.65200000000000000000,9959.71200000000000000000
Fairway,10866.28200000000000000000,9960.26600000000000000000
Fairway,10831.50000000000000000000,9918.64000000000000000000
Fairway,10880.39200000000000000000,9940.56800000000000000000
Fairway,10886.91900000000000000000,9939.37200000000000000000
Fairway,10891.21100000000000000000,9935.82900000000000000000
Fairway,10851.77400000000000000000,9911.24600000000000000000
Fairway,10883.52300000000000000000,9986.77400000000000000000
Fairway,10843.08800000000000000000,9977.65600000000000000000
Fairway,10837.09600000000000000000,9988.77700000000000000000
Fairway,10827.76000000000000000000,9956.89600000000000000000
Fairway,10834.95800000000000000000,9984.73900000000000000000
Fairway,10832.30000000000000000000,9991.06000000000000000000
Fairway,10811.15400000000000000000,9953.33200000000000000000
Fairway,10787.16400000000000000000,9920.58100000000000000000
Fairway,10833.72100000000000000000,9981.85900000000000000000
Fairway,10856.81200000000000000000,9962.16000000000000000000
Fairway,10861.04000000000000000000,9936.30800000000000000000
Fairway,10849.61000000000000000000,9946.52900000000000000000
Fairway,10846.16200000000000000000,9934.44200000000000000000
Fairway,10850.02700000000000000000,9971.78500000000000000000
Fairway,10849.09300000000000000000,9953.89000000000000000000
Fairway,10846.20900000000000000000,9981.63500000000000000000
Fairway,10847.80900000000000000000,9988.53800000000000000000
Fairway,10834.83100000000000000000,9919.68000000000000000000
Fairway,10840.80900000000000000000,9960.82000000000000000000
Fairway,10836.83300000000000000000,9977.12200000000000000000
Fairway,10846.51500000000000000000,9953.78500000000000000000
Fairway,10865.28700000000000000000,9968.28400000000000000000
Fairway,10840.58200000000000000000,9994.21600000000000000000
Fairway,10842.48700000000000000000,9994.47400000000000000000
Fairway,10832.33600000000000000000,9965.76500000000000000000
Fairway,10841.97100000000000000000,9998.85700000000000000000
Fairway,10841.99900000000000000000,9981.43900000000000000000
Fairway,10859.95800000000000000000,9956.58700000000000000000
Fairway,10892.01100000000000000000,9952.91100000000000000000
Fairway,10862.22000000000000000000,9947.16400000000000000000
Fairway,10877.16300000000000000000,9953.37900000000000000000
Fairway,10869.83300000000000000000,9964.97200000000000000000
Fairway,10859.89500000000000000000,9942.02500000000000000000
Fairway,10881.62400000000000000000,9945.04200000000000000000
Fairway,10832.70800000000000000000,9987.80200000000000000000
Fairway,10826.53000000000000000000,9946.72500000000000000000
Fairway,10828.20200000000000000000,9979.95900000000000000000
Fairway,10813.94300000000000000000,9953.31700000000000000000
Fairway,10818.39600000000000000000,9962.13200000000000000000
Fairway,10860.76300000000000000000,9944.14700000000000000000
Fairway,10882.03700000000000000000,9960.46000000000000000000
Fairway,10837.62900000000000000000,9935.93400000000000000000
Fairway,10871.40300000000000000000,9937.57400000000000000000
Fairway,10864.50800000000000000000,9934.22900000000000000000
Fairway,10854.93500000000000000000,9935.47900000000000000000
Fairway,10861.11000000000000000000,9944.93100000000000000000
Fairway,10851.87800000000000000000,9967.30500000000000000000
Fairway,10811.26800000000000000000,9968.26000000000000000000
Fairway,10834.18400000000000000000,9970.46400000000000000000
Fairway,10821.45400000000000000000,9977.24700000000000000000
Fairway,10860.48500000000000000000,10026.05400000000000000000
Fairway,10826.26800000000000000000,10002.84900000000000000000
Fairway,10834.81700000000000000000,9950.29400000000000000000
Fairway,10842.25400000000000000000,9998.14000000000000000000
Fairway,10846.15000000000000000000,9971.13300000000000000000
Fairway,10840.16900000000000000000,9961.81600000000000000000
Fairway,10827.71200000000000000000,9987.06900000000000000000
Fairway,10873.55000000000000000000,9950.78200000000000000000
Fairway,10876.14600000000000000000,9933.97100000000000000000
Fairway,10872.19300000000000000000,9936.91500000000000000000
Fairway,10863.82900000000000000000,9941.08400000000000000000
Fairway,10858.01900000000000000000,9952.69300000000000000000
Fairway,10876.53000000000000000000,9966.30200000000000000000
Fairway,10867.80400000000000000000,9943.81900000000000000000
Fairway,10863.47900000000000000000,9945.13200000000000000000
Fairway,10897.72000000000000000000,9955.08900000000000000000
Fairway,10868.29900000000000000000,9941.45400000000000000000
Fairway,10863.51400000000000000000,9930.56600000000000000000
Fairway,10832.60800000000000000000,9972.46700000000000000000
Fairway,10846.33700000000000000000,9956.14300000000000000000
Fairway,10832.51400000000000000000,9950.15000000000000000000
Fairway,10827.35500000000000000000,9951.72200000000000000000
Fairway,10830.72800000000000000000,9959.40500000000000000000
Fairway,10822.87500000000000000000,9963.93100000000000000000
Fairway,10836.85200000000000000000,9950.25900000000000000000
Fairway,10826.83600000000000000000,9988.03600000000000000000
Fairway,10868.81000000000000000000,9939.45900000000000000000
Fairway,10861.56300000000000000000,9948.65800000000000000000
Fairway,10833.40300000000000000000,9922.41800000000000000000
Fairway,10849.31600000000000000000,9945.05300000000000000000
Fairway,10854.99700000000000000000,9935.44600000000000000000
Fringe,10821.75000000000000000000,9956.16100000000000000000
Fringe,10876.30200000000000000000,9952.92100000000000000000
Fringe,10837.21100000000000000000,9977.42700000000000000000
Fringe,10836.04400000000000000000,9977.58200000000000000000
Fringe,10836.00400000000000000000,9974.71300000000000000000
Fringe,10835.26100000000000000000,9978.07900000000000000000
Fringe,10827.20000000000000000000,9967.37000000000000000000
Fringe,10832.16400000000000000000,9965.18200000000000000000
Fringe,10880.03900000000000000000,9947.63900000000000000000
Fringe,10877.16700000000000000000,9953.98300000000000000000
Fringe,10835.20200000000000000000,9970.79500000000000000000
Fringe,10881.05700000000000000000,9951.51200000000000000000
Fringe,10882.93800000000000000000,9950.91000000000000000000
Fringe,10880.83200000000000000000,9951.02300000000000000000
Fringe,10844.79000000000000000000,9939.40500000000000000000
Fringe,10823.26600000000000000000,9962.05000000000000000000
Fringe,10837.51500000000000000000,9977.71400000000000000000
Green,10836.05900000000000000000,9978.55100000000000000000
Green,10838.47400000000000000000,9975.71300000000000000000
Green,10836.96800000000000000000,9979.04600000000000000000
Green,10836.41800000000000000000,9975.68800000000000000000
Green,10836.84900000000000000000,9977.19100000000000000000
Green,10882.44100000000000000000,9950.85000000000000000000
Green,10836.10300000000000000000,9977.64900000000000000000
Green,10881.37300000000000000000,9949.52200000000000000000
Green,10836.85900000000000000000,9984.55700000000000000000
Green,10837.87200000000000000000,9974.93500000000000000000
Green,10836.31400000000000000000,9977.34600000000000000000
Green,10836.78100000000000000000,9978.17200000000000000000
Green,10839.47200000000000000000,9977.15500000000000000000
Green,10837.20100000000000000000,9976.81300000000000000000
Green,10835.13100000000000000000,9978.09500000000000000000
Green,10836.12700000000000000000,9975.47200000000000000000
Green,10824.89900000000000000000,9960.52200000000000000000
Green,10825.12000000000000000000,9964.26900000000000000000
Green,10826.64200000000000000000,9961.66200000000000000000
Green,10824.64200000000000000000,9962.01200000000000000000
Green,10824.32600000000000000000,9961.87900000000000000000
Green,10881.56500000000000000000,9951.74000000000000000000
Green,10883.59400000000000000000,9949.62800000000000000000
Green,10881.60200000000000000000,9952.13400000000000000000
Green,10875.23200000000000000000,9948.44700000000000000000
Green,10885.40400000000000000000,9947.79300000000000000000
Green,10881.69500000000000000000,9949.49700000000000000000
Green,10882.32500000000000000000,9949.90600000000000000000
Green,10880.51500000000000000000,9952.85400000000000000000
Green,10879.00500000000000000000,9950.65600000000000000000
Green,10880.44800000000000000000,9950.85000000000000000000
Green,10878.18100000000000000000,9949.79800000000000000000
Green,10880.12900000000000000000,9950.23600000000000000000
Green,10825.92900000000000000000,9963.66300000000000000000
Green,10861.78000000000000000000,9945.70500000000000000000
Green,10861.35900000000000000000,9946.43900000000000000000
Green,10822.71500000000000000000,9963.32600000000000000000
Green,10827.61100000000000000000,9962.15500000000000000000
Green,10822.90400000000000000000,9960.89500000000000000000
Green,10865.00600000000000000000,9945.37200000000000000000
Green,10882.38800000000000000000,9951.40200000000000000000
Green,10880.09100000000000000000,9947.65400000000000000000
Green,10828.66500000000000000000,9960.87600000000000000000
Green,10824.80600000000000000000,9961.61600000000000000000
Green,10822.36600000000000000000,9963.28000000000000000000
Green,10880.34400000000000000000,9950.81600000000000000000
Green,10886.71100000000000000000,9954.47600000000000000000
Green,10882.06300000000000000000,9951.15800000000000000000
Green,10880.39100000000000000000,9949.84800000000000000000
Green,10883.10200000000000000000,9953.51100000000000000000
Green,10881.40100000000000000000,9946.15200000000000000000
Green,10876.75000000000000000000,9950.41400000000000000000
Green,10880.19400000000000000000,9949.74700000000000000000
Green,10879.10000000000000000000,9951.89300000000000000000
Green,10881.42300000000000000000,9951.05000000000000000000
Green,10882.50200000000000000000,9949.81100000000000000000
Green,10872.73500000000000000000,9949.69500000000000000000
Green,10880.34000000000000000000,9949.02000000000000000000
Green,10880.69200000000000000000,9950.36800000000000000000
Green,10837.57900000000000000000,9977.23500000000000000000
Green,10835.44600000000000000000,9977.97800000000000000000
Green,10835.71900000000000000000,9980.00600000000000000000
Green,10832.67400000000000000000,9980.17600000000000000000
Green,10835.75800000000000000000,9977.51500000000000000000
Green,10834.49000000000000000000,9981.68300000000000000000
Green,10837.22800000000000000000,9976.19900000000000000000
Green,10836.79000000000000000000,9976.67800000000000000000
Green,10838.31000000000000000000,9986.63800000000000000000
Green,10835.75100000000000000000,9975.69600000000000000000
Green,10836.61000000000000000000,9984.49600000000000000000
Green,10836.50000000000000000000,9977.20200000000000000000
Green,10834.90700000000000000000,9978.34600000000000000000
Green,10835.97800000000000000000,9977.18500000000000000000
Green,10836.54800000000000000000,9978.18300000000000000000
Green,10837.05300000000000000000,9980.07100000000000000000
Green,10833.80000000000000000000,9971.63200000000000000000
Green,10835.85300000000000000000,9979.13300000000000000000
Green,10837.07900000000000000000,9980.09000000000000000000
Green,10836.82200000000000000000,9978.63500000000000000000
Green,10860.51500000000000000000,9943.86800000000000000000
Green,10863.05400000000000000000,9944.93600000000000000000
Green,10863.64100000000000000000,9944.65600000000000000000
Green,10862.08100000000000000000,9944.69200000000000000000
Green,10878.20300000000000000000,9951.98900000000000000000
Green,10878.93900000000000000000,9950.57900000000000000000
Green,10882.25700000000000000000,9950.20400000000000000000
Green,10881.94500000000000000000,9950.94200000000000000000
Green,10882.23400000000000000000,9951.06200000000000000000
Green,10879.59700000000000000000,9950.38100000000000000000
Green,10863.07300000000000000000,9944.57100000000000000000
Green,10861.00100000000000000000,9944.39400000000000000000
Green,10864.61900000000000000000,9944.84800000000000000000
Green,10860.24700000000000000000,9943.95500000000000000000
Green,10862.23100000000000000000,9940.98900000000000000000
Green,10863.48200000000000000000,9943.05800000000000000000
Green,10862.35700000000000000000,9944.69200000000000000000
Green,10864.08900000000000000000,9943.86200000000000000000
Green,10861.86100000000000000000,9945.19100000000000000000
Green,10864.39600000000000000000,9944.59400000000000000000
Green,10878.25900000000000000000,9949.76200000000000000000
Green,10888.63100000000000000000,9951.56700000000000000000
Green,10879.48500000000000000000,9950.66800000000000000000
Green,10883.63100000000000000000,9949.61300000000000000000
Green,10880.48000000000000000000,9949.40800000000000000000
Green,10880.62700000000000000000,9951.44400000000000000000
Green,10879.74400000000000000000,9945.42100000000000000000
Green,10881.02800000000000000000,9949.62700000000000000000
Green,10881.11600000000000000000,9950.03400000000000000000
Green,10881.12800000000000000000,9950.29000000000000000000
Green,10880.18700000000000000000,9949.18500000000000000000
Green,10882.61100000000000000000,9950.96500000000000000000
Green,10879.98500000000000000000,9952.00800000000000000000
Green,10836.35000000000000000000,9977.61900000000000000000
Green,10836.35100000000000000000,9977.65700000000000000000
Green,10836.47200000000000000000,9976.69600000000000000000
Green,10838.72700000000000000000,9979.28100000000000000000
Green,10836.53000000000000000000,9978.35300000000000000000
Green,10838.44100000000000000000,9979.35900000000000000000
Green,10836.86100000000000000000,9978.01600000000000000000
Green,10838.03100000000000000000,9980.04500000000000000000
Green,10883.19300000000000000000,9950.49600000000000000000
Green,10880.40800000000000000000,9949.73600000000000000000
Green,10880.67500000000000000000,9950.92400000000000000000
Green,10880.61700000000000000000,9952.26400000000000000000
Green,10882.00800000000000000000,9951.50400000000000000000
Green,10877.99600000000000000000,9951.42300000000000000000
Green,10881.07100000000000000000,9947.79000000000000000000
Green,10839.39200000000000000000,9978.35400000000000000000
Green,10835.20200000000000000000,9977.63900000000000000000
Green,10836.92900000000000000000,9979.54300000000000000000
Green,10836.31300000000000000000,9978.03100000000000000000
Green,10836.88300000000000000000,9980.47700000000000000000
Green,10883.95800000000000000000,9948.69500000000000000000
Green,10879.55500000000000000000,9947.53100000000000000000
Green,10881.40000000000000000000,9952.49600000000000000000
Green,10879.47300000000000000000,9946.95100000000000000000
Green,10877.75000000000000000000,9949.29600000000000000000
Green,10879.52600000000000000000,9946.80500000000000000000
Green,10881.72200000000000000000,9951.43500000000000000000
Green,10823.55800000000000000000,9964.10500000000000000000
Green,10822.51600000000000000000,9961.80400000000000000000
Green,10826.29400000000000000000,9960.61400000000000000000
Green,10823.82000000000000000000,9961.21900000000000000000
Green,10880.49100000000000000000,9948.87800000000000000000
Green,10824.40100000000000000000,9961.48000000000000000000
Green,10826.28900000000000000000,9962.42900000000000000000
Green,10824.19900000000000000000,9961.66200000000000000000
Green,10823.02600000000000000000,9962.94000000000000000000
Green,10822.76600000000000000000,9957.88000000000000000000
Green,10826.03600000000000000000,9964.83000000000000000000
Green,10838.67000000000000000000,9978.24600000000000000000
Green,10880.11100000000000000000,9951.14100000000000000000
Green,10836.96200000000000000000,9976.63500000000000000000
Green,10836.64700000000000000000,9977.90600000000000000000
Green,10838.22500000000000000000,9977.44800000000000000000
Green,10836.79800000000000000000,9978.00000000000000000000
Green,10836.56800000000000000000,9977.83400000000000000000
Green,10837.14300000000000000000,9976.25500000000000000000
Green,10835.78900000000000000000,9978.16300000000000000000
Green,10835.92800000000000000000,9977.45300000000000000000
Green,10837.88600000000000000000,9976.83400000000000000000
Green,10836.50500000000000000000,9978.16500000000000000000
Green,10834.49000000000000000000,9974.82800000000000000000
Green,10836.93900000000000000000,9978.60000000000000000000
Green,10839.92100000000000000000,9977.11900000000000000000
Green,10835.61300000000000000000,9977.59600000000000000000
Green,10836.76800000000000000000,9976.44300000000000000000
Green,10838.10600000000000000000,9978.10800000000000000000
Green,10834.47900000000000000000,9977.40300000000000000000
Green,10836.06000000000000000000,9977.37200000000000000000
Green,10862.69600000000000000000,9943.42800000000000000000
Green,10861.31400000000000000000,9943.21100000000000000000
Green,10862.51000000000000000000,9944.01700000000000000000
Green,10862.57600000000000000000,9944.10900000000000000000
Green,10825.36200000000000000000,9965.24500000000000000000
Green,10824.78700000000000000000,9963.47900000000000000000
Green,10826.88100000000000000000,9962.97300000000000000000
Green,10824.41000000000000000000,9962.49000000000000000000
Green,10823.66700000000000000000,9963.05400000000000000000
Green,10823.57000000000000000000,9962.96000000000000000000
Green,10823.45900000000000000000,9962.52300000000000000000
Green,10879.04400000000000000000,9954.10000000000000000000
Green,10879.95400000000000000000,9948.87300000000000000000
Green,10879.13300000000000000000,9951.17700000000000000000
Green,10883.40900000000000000000,9947.27100000000000000000
Green,10880.65700000000000000000,9950.61300000000000000000
Green,10881.39300000000000000000,9950.86600000000000000000
Green,10862.03100000000000000000,9944.23500000000000000000
Green,10859.74600000000000000000,9944.64800000000000000000
Green,10859.40900000000000000000,9943.28000000000000000000
Green,10861.18400000000000000000,9943.44900000000000000000
Green,10864.16300000000000000000,9942.29100000000000000000
Green,10879.59300000000000000000,9949.66100000000000000000
Green,10881.91300000000000000000,9952.15300000000000000000
Green,10873.59700000000000000000,9948.03400000000000000000
Green,10881.40900000000000000000,9948.32400000000000000000
Green,10879.84600000000000000000,9949.97500000000000000000
Green,10880.69200000000000000000,9946.47800000000000000000
Green,10838.79000000000000000000,9978.85900000000000000000
Green,10884.00000000000000000000,9950.45500000000000000000
Green,10838.71500000000000000000,9978.58500000000000000000
Green,10837.12600000000000000000,9978.99300000000000000000
Green,10836.11700000000000000000,9977.52700000000000000000
Green,10836.62700000000000000000,9975.79400000000000000000
Green,10830.66500000000000000000,9984.93300000000000000000
Green,10836.87700000000000000000,9977.23900000000000000000
Green,10837.29000000000000000000,9977.89300000000000000000
Green,10838.21000000000000000000,9976.85200000000000000000
Green,10839.35000000000000000000,9975.29600000000000000000
Green,10881.20600000000000000000,9948.04600000000000000000
Green,10883.22900000000000000000,9949.58400000000000000000
Green,10871.54900000000000000000,9945.59100000000000000000
Green,10882.07000000000000000000,9950.57800000000000000000
Green,10824.32600000000000000000,9963.07200000000000000000
Green,10824.82500000000000000000,9962.30800000000000000000
Green,10825.79500000000000000000,9963.40100000000000000000
Green,10823.00500000000000000000,9963.18200000000000000000
Green,10822.30900000000000000000,9958.48200000000000000000
Green,10825.43300000000000000000,9963.96700000000000000000
Green,10827.12200000000000000000,9965.02600000000000000000
Green,10824.33500000000000000000,9961.30800000000000000000
Green,10861.54800000000000000000,9945.98300000000000000000
Green,10861.08200000000000000000,9944.53000000000000000000
Green,10827.14600000000000000000,9961.41500000000000000000
Green,10864.56600000000000000000,9943.54100000000000000000
Green,10859.79300000000000000000,9949.40900000000000000000
Green,10858.49300000000000000000,9944.86200000000000000000
Green,10864.86900000000000000000,9946.21700000000000000000
Green,10861.37600000000000000000,9944.37500000000000000000
Green,10862.50400000000000000000,9943.48300000000000000000
Green,10839.08100000000000000000,9978.32200000000000000000
Green,10834.74200000000000000000,9975.18600000000000000000
Green,10836.84200000000000000000,9978.05700000000000000000
Green,10837.51700000000000000000,9969.33200000000000000000
Green,10836.73200000000000000000,9978.56300000000000000000
Green,10834.93000000000000000000,9977.51800000000000000000
Green,10837.41400000000000000000,9978.94300000000000000000
Green,10882.50600000000000000000,9949.91800000000000000000
Green,10836.74100000000000000000,9975.27600000000000000000
Green,10836.56200000000000000000,9978.01700000000000000000
Green,10836.42200000000000000000,9977.59700000000000000000
Green,10837.67300000000000000000,9979.26500000000000000000
Green,10836.80000000000000000000,9974.81300000000000000000
Green,10836.74200000000000000000,9978.42400000000000000000
Green,10836.64200000000000000000,9978.63100000000000000000
Green,10882.23400000000000000000,9950.01800000000000000000
Green,10879.75000000000000000000,9949.43300000000000000000
Green,10881.97800000000000000000,9948.08700000000000000000
Green,10880.35100000000000000000,9949.82600000000000000000
Green,10878.18700000000000000000,9952.76400000000000000000
Green,10879.97500000000000000000,9950.43700000000000000000
Green,10878.22100000000000000000,9949.73000000000000000000
Green,10823.50100000000000000000,9962.74700000000000000000
Green,10823.33300000000000000000,9963.27700000000000000000
Green,10823.84700000000000000000,9964.98300000000000000000
Green,10825.47900000000000000000,9961.65100000000000000000
Green,10827.32100000000000000000,9961.93300000000000000000
Green,10822.35800000000000000000,9960.00500000000000000000
Green,10881.58800000000000000000,9951.81200000000000000000
Green,10880.35700000000000000000,9950.16000000000000000000
Green,10878.30300000000000000000,9949.36200000000000000000
Green,10824.94600000000000000000,9963.88700000000000000000
Green,10864.92600000000000000000,9942.78300000000000000000
Green,10824.34700000000000000000,9961.31300000000000000000
Green,10824.16100000000000000000,9962.07800000000000000000
Green,10863.20900000000000000000,9944.87300000000000000000
Green,10865.67100000000000000000,9946.06700000000000000000
Green,10863.04700000000000000000,9942.77700000000000000000
Green,10873.40900000000000000000,9942.42400000000000000000
Green,10858.81700000000000000000,9942.78000000000000000000
Green,10863.39400000000000000000,9946.19000000000000000000
Green,10866.24900000000000000000,9941.78700000000000000000
Green,10864.22300000000000000000,9942.68800000000000000000
Green,10861.43800000000000000000,9945.45200000000000000000
Green,10861.70100000000000000000,9946.23500000000000000000
Green,10859.62200000000000000000,9944.45200000000000000000
Green,10824.68000000000000000000,9962.48300000000000000000
Green,10824.77100000000000000000,9963.62800000000000000000
Green,10824.04500000000000000000,9960.71900000000000000000
Green,10823.30300000000000000000,9961.89100000000000000000
Green,10824.85200000000000000000,9963.30200000000000000000
Green,10823.86900000000000000000,9961.37000000000000000000
Green,10879.97100000000000000000,9949.45600000000000000000
Green,10879.57200000000000000000,9947.97600000000000000000
Green,10878.44100000000000000000,9950.16700000000000000000
Green,10879.71000000000000000000,9948.55300000000000000000
Green,10878.06900000000000000000,9949.02500000000000000000
Green,10883.00000000000000000000,9948.88900000000000000000
Green,10835.76900000000000000000,9978.74300000000000000000
Green,10837.07200000000000000000,9977.65800000000000000000
Green,10837.12800000000000000000,9979.15400000000000000000
Green,10835.77500000000000000000,9977.11800000000000000000
Green,10840.14300000000000000000,9977.42300000000000000000
Green,10836.23200000000000000000,9977.39600000000000000000
Green,10839.61700000000000000000,9978.48000000000000000000
Green,10837.17200000000000000000,9976.90400000000000000000
Green,10833.74100000000000000000,9977.65500000000000000000
Green,10835.06800000000000000000,9977.24600000000000000000
Green,10837.54500000000000000000,9977.73100000000000000000
Green,10835.04500000000000000000,9977.49100000000000000000
Green,10838.25600000000000000000,9976.06000000000000000000
Green,10836.80300000000000000000,9974.97700000000000000000
Green,10837.87000000000000000000,9979.78100000000000000000
Green Side Bunker,10884.75500000000000000000,9952.01600000000000000000
Green Side Bunker,10882.13900000000000000000,9947.46800000000000000000
Green Side Bunker,10877.68900000000000000000,9948.88700000000000000000
Green Side Bunker,10887.14700000000000000000,9960.88000000000000000000
Green Side Bunker,10879.78200000000000000000,9945.42600000000000000000
Green Side Bunker,10866.65600000000000000000,9940.75200000000000000000
Green Side Bunker,10836.68000000000000000000,9969.86200000000000000000
Green Side Bunker,10879.17100000000000000000,9945.72000000000000000000
Green Side Bunker,10882.34200000000000000000,9959.35500000000000000000
Green Side Bunker,10832.84800000000000000000,9962.51000000000000000000
Green Side Bunker,10887.42200000000000000000,9952.35000000000000000000
Green Side Bunker,10874.77700000000000000000,9939.67000000000000000000
Green Side Bunker,10884.29800000000000000000,9951.17100000000000000000
Green Side Bunker,10881.39700000000000000000,9951.33900000000000000000
Green Side Bunker,10860.71200000000000000000,9946.18500000000000000000
Green Side Bunker,10880.21600000000000000000,9954.11800000000000000000
Green Side Bunker,10877.22800000000000000000,9940.27300000000000000000
Green Side Bunker,10877.56600000000000000000,9950.81500000000000000000
Green Side Bunker,10882.06700000000000000000,9952.76500000000000000000
Intermediate Rough,10889.98900000000000000000,9947.43600000000000000000
Intermediate Rough,10846.23100000000000000000,9949.63100000000000000000
Intermediate Rough,10820.66300000000000000000,9947.71600000000000000000
Intermediate Rough,10838.48000000000000000000,9975.97200000000000000000
Intermediate Rough,10821.56200000000000000000,9962.93400000000000000000
Intermediate Rough,10799.17700000000000000000,9910.10300000000000000000
Intermediate Rough,10847.11500000000000000000,9938.94600000000000000000
Intermediate Rough,10880.75600000000000000000,9914.45100000000000000000
Intermediate Rough,10863.16600000000000000000,9940.03200000000000000000
Intermediate Rough,10857.94100000000000000000,9881.63800000000000000000
Intermediate Rough,10851.46900000000000000000,9968.85200000000000000000
Intermediate Rough,10838.53500000000000000000,9964.37600000000000000000
Intermediate Rough,10837.37000000000000000000,9928.13400000000000000000
Intermediate Rough,10845.78900000000000000000,9947.55000000000000000000
Intermediate Rough,10798.12100000000000000000,9927.61500000000000000000
Intermediate Rough,10874.68000000000000000000,9931.65400000000000000000
Intermediate Rough,10859.52800000000000000000,9943.02800000000000000000
Intermediate Rough,10870.04900000000000000000,9943.56000000000000000000
Intermediate Rough,10848.38700000000000000000,9971.19000000000000000000
Intermediate Rough,10890.43800000000000000000,9950.22000000000000000000
Intermediate Rough,10884.09000000000000000000,9943.98600000000000000000
Intermediate Rough,10840.32800000000000000000,9940.06600000000000000000
Intermediate Rough,10834.84900000000000000000,9966.74600000000000000000
Intermediate Rough,10837.04400000000000000000,9972.69600000000000000000
Intermediate Rough,10839.78000000000000000000,9954.83300000000000000000
Intermediate Rough,10868.96600000000000000000,9909.62800000000000000000
Intermediate Rough,10823.34400000000000000000,9978.35300000000000000000
Intermediate Rough,10834.65600000000000000000,9978.72600000000000000000
Intermediate Rough,10880.61100000000000000000,9965.69500000000000000000
Intermediate Rough,10874.04900000000000000000,9914.69500000000000000000
Intermediate Rough,10852.96100000000000000000,9906.57000000000000000000
Intermediate Rough,10841.48100000000000000000,9965.85100000000000000000
Intermediate Rough,10874.27200000000000000000,9931.55700000000000000000
Intermediate Rough,10858.50000000000000000000,9909.64000000000000000000
Intermediate Rough,10849.86000000000000000000,9937.68900000000000000000
Intermediate Rough,10791.60000000000000000000,9930.33000000000000000000
Intermediate Rough,10834.54800000000000000000,9968.44000000000000000000
Intermediate Rough,10879.84700000000000000000,9948.90100000000000000000
Intermediate Rough,10850.85100000000000000000,9952.99900000000000000000
Intermediate Rough,10849.69200000000000000000,9992.00100000000000000000
Intermediate Rough,10837.62800000000000000000,9977.96000000000000000000
Intermediate Rough,10856.28900000000000000000,9942.76200000000000000000
Intermediate Rough,10887.45000000000000000000,9948.21700000000000000000
Intermediate Rough,10841.99200000000000000000,9921.30100000000000000000
Intermediate Rough,10883.15900000000000000000,9948.65500000000000000000
Intermediate Rough,10832.87800000000000000000,9967.36800000000000000000
Intermediate Rough,10882.02700000000000000000,9952.47700000000000000000
Intermediate Rough,10840.72900000000000000000,9981.88400000000000000000
Intermediate Rough,10853.61400000000000000000,9956.08500000000000000000
Intermediate Rough,10828.49500000000000000000,9965.75200000000000000000
Intermediate Rough,10837.04900000000000000000,9975.88600000000000000000
Intermediate Rough,10837.31600000000000000000,9979.36700000000000000000
Intermediate Rough,10869.73500000000000000000,9910.76900000000000000000
Intermediate Rough,10824.43900000000000000000,9965.55900000000000000000
Intermediate Rough,10856.68300000000000000000,9974.96000000000000000000
Native Area,10676.96800000000000000000,9612.96600000000000000000
Other,10915.39900000000000000000,9920.30500000000000000000
Primary Rough,10870.13200000000000000000,9957.17200000000000000000
Primary Rough,10848.00900000000000000000,9996.93500000000000000000
Primary Rough,10874.31900000000000000000,9952.27100000000000000000
Primary Rough,10866.57500000000000000000,9947.00200000000000000000
Primary Rough,10852.48400000000000000000,9886.69300000000000000000
Primary Rough,10686.83400000000000000000,9608.47300000000000000000
Primary Rough,10862.22400000000000000000,9964.45000000000000000000
Primary Rough,10871.47100000000000000000,9949.31100000000000000000
Primary Rough,10849.89200000000000000000,9938.03200000000000000000
Primary Rough,10849.56300000000000000000,9970.56600000000000000000
Primary Rough,10820.56200000000000000000,9920.79100000000000000000
Primary Rough,10834.44700000000000000000,9992.43600000000000000000
Primary Rough,10838.30900000000000000000,9980.24800000000000000000
Primary Rough,10850.13200000000000000000,9973.63800000000000000000
Primary Rough,10825.21900000000000000000,9926.23300000000000000000
Primary Rough,10780.30000000000000000000,9921.96000000000000000000
Primary Rough,10818.81300000000000000000,9978.07200000000000000000
Primary Rough,10825.69000000000000000000,9982.04900000000000000000
Primary Rough,10835.63300000000000000000,9992.93200000000000000000
Primary Rough,10849.89600000000000000000,9960.72400000000000000000
Primary Rough,10835.72000000000000000000,9965.70600000000000000000
Primary Rough,10809.36200000000000000000,9951.42500000000000000000
Primary Rough,10832.37100000000000000000,9924.08900000000000000000
Primary Rough,10842.81800000000000000000,9968.39600000000000000000
Primary Rough,10834.59700000000000000000,9959.60600000000000000000
Primary Rough,10849.40200000000000000000,9943.15300000000000000000
Primary Rough,10832.10900000000000000000,9931.13600000000000000000
Primary Rough,10853.77000000000000000000,9946.22400000000000000000
Primary Rough,10871.70400000000000000000,9943.99300000000000000000
Primary Rough,10733.34700000000000000000,9810.35500000000000000000
Primary Rough,10860.75200000000000000000,9928.97300000000000000000
Primary Rough,10795.20600000000000000000,9810.89300000000000000000
Primary Rough,10844.06100000000000000000,9913.00000000000000000000
Primary Rough,10881.75900000000000000000,9949.45300000000000000000
Primary Rough,10834.45700000000000000000,9947.64500000000000000000
Primary Rough,10828.28700000000000000000,9956.24400000000000000000
Primary Rough,10842.67800000000000000000,9936.21400000000000000000
Primary Rough,10833.56500000000000000000,9945.06300000000000000000
Primary Rough,10798.82700000000000000000,9927.45300000000000000000
Primary Rough,10848.94400000000000000000,9991.21500000000000000000
Primary Rough,10839.26700000000000000000,9965.60000000000000000000
Primary Rough,10848.20700000000000000000,9984.31800000000000000000
Primary Rough,10875.59900000000000000000,9959.52400000000000000000
Primary Rough,10839.15100000000000000000,9933.27700000000000000000
Primary Rough,10843.78500000000000000000,9998.89100000000000000000
Primary Rough,10836.86800000000000000000,9974.87800000000000000000
Primary Rough,10865.23500000000000000000,9982.04800000000000000000
Primary Rough,10853.59900000000000000000,9975.16000000000000000000
Primary Rough,10729.06000000000000000000,9861.74400000000000000000
Primary Rough,10841.71600000000000000000,9979.72100000000000000000
Primary Rough,10850.24000000000000000000,9948.63600000000000000000
Primary Rough,10839.96800000000000000000,9940.16700000000000000000
Primary Rough,10833.90400000000000000000,9972.00300000000000000000
Primary Rough,10835.05200000000000000000,9979.29400000000000000000
Primary Rough,10778.33700000000000000000,9924.96900000000000000000
Primary Rough,10837.85900000000000000000,9988.19000000000000000000
Primary Rough,10870.04100000000000000000,9950.70500000000000000000
Primary Rough,10774.05200000000000000000,9761.81200000000000000000
Primary Rough,10850.11700000000000000000,9997.49500000000000000000
Primary Rough,10878.28300000000000000000,9949.09200000000000000000
Primary Rough,10849.04700000000000000000,9957.59400000000000000000
Primary Rough,10798.82700000000000000000,9928.27200000000000000000
Primary Rough,10842.92400000000000000000,9912.40700000000000000000
Primary Rough,10837.29600000000000000000,9972.83600000000000000000
Primary Rough,10801.78900000000000000000,9929.61300000000000000000
Primary Rough,10842.67100000000000000000,9906.43600000000000000000
Primary Rough,10836.38600000000000000000,9960.16200000000000000000
Primary Rough,10835.04000000000000000000,9948.39500000000000000000
Primary Rough,10858.31100000000000000000,9959.02000000000000000000
Primary Rough,10848.53300000000000000000,9941.22800000000000000000
Primary Rough,10863.88600000000000000000,9947.88200000000000000000
Primary Rough,10862.96300000000000000000,9990.83400000000000000000
Primary Rough,10849.12200000000000000000,9982.34000000000000000000
Primary Rough,10878.63200000000000000000,9956.17600000000000000000
Primary Rough,10816.02000000000000000000,9939.18000000000000000000
Primary Rough,10753.24200000000000000000,9911.83800000000000000000
Primary Rough,10877.99600000000000000000,9947.43800000000000000000
Primary Rough,10861.35000000000000000000,9958.86300000000000000000
Primary Rough,10821.54300000000000000000,9968.90700000000000000000
Primary Rough,10829.65600000000000000000,9977.93300000000000000000
Primary Rough,10836.17600000000000000000,9945.51200000000000000000
Primary Rough,10861.44900000000000000000,9973.90000000000000000000
Primary Rough,10833.95200000000000000000,9969.73500000000000000000
Primary Rough,10856.92000000000000000000,9971.94900000000000000000
Primary Rough,10866.60400000000000000000,9972.42400000000000000000
Primary Rough,10867.44400000000000000000,9977.56600000000000000000
Primary Rough,10781.97600000000000000000,9918.70600000000000000000
Primary Rough,10844.94300000000000000000,9954.67500000000000000000
Primary Rough,10860.99700000000000000000,9967.23600000000000000000
Primary Rough,10860.37900000000000000000,9984.07900000000000000000
Primary Rough,10840.51500000000000000000,9969.06900000000000000000
Primary Rough,10832.88100000000000000000,9985.79700000000000000000
Primary Rough,10696.98200000000000000000,9807.23800000000000000000
Primary Rough,10844.11300000000000000000,9991.15500000000000000000
Primary Rough,10834.74700000000000000000,9974.28300000000000000000
Primary Rough,10768.76500000000000000000,9827.96700000000000000000
Primary Rough,10878.94000000000000000000,9963.53500000000000000000
Primary Rough,10869.33100000000000000000,9957.73300000000000000000
Primary Rough,10839.24500000000000000000,9956.38800000000000000000
Primary Rough,10856.12700000000000000000,9945.08600000000000000000
Primary Rough,10832.16100000000000000000,9985.70000000000000000000
Primary Rough,10836.54900000000000000000,9984.48800000000000000000
Primary Rough,10771.65100000000000000000,9915.38100000000000000000
Primary Rough,10836.95900000000000000000,9940.44900000000000000000
Primary Rough,10830.30300000000000000000,9951.37000000000000000000
Primary Rough,10824.14700000000000000000,9963.08400000000000000000
Primary Rough,10843.75700000000000000000,9958.72300000000000000000
Primary Rough,10834.31000000000000000000,9954.26800000000000000000
Primary Rough,10821.33500000000000000000,9941.36300000000000000000
Primary Rough,10836.62800000000000000000,9948.59900000000000000000
Primary Rough,10841.03700000000000000000,9925.65000000000000000000
Primary Rough,10829.80200000000000000000,9977.40300000000000000000
Primary Rough,10869.86000000000000000000,9990.91400000000000000000
Primary Rough,10820.07500000000000000000,9970.04100000000000000000
Primary Rough,10828.89600000000000000000,9972.55200000000000000000
Primary Rough,10865.27500000000000000000,9929.63100000000000000000
Primary Rough,10848.41300000000000000000,9923.38300000000000000000
Primary Rough,10874.13500000000000000000,9933.51000000000000000000
Primary Rough,10865.50300000000000000000,9943.13900000000000000000
Primary Rough,10853.34600000000000000000,9849.50100000000000000000
Primary Rough,10875.70500000000000000000,9956.92300000000000000000
Primary Rough,10838.86400000000000000000,9958.03400000000000000000
Primary Rough,10803.92400000000000000000,9875.79800000000000000000
Primary Rough,10732.28100000000000000000,9746.16500000000000000000
Primary Rough,10858.07000000000000000000,9939.22700000000000000000
Primary Rough,10868.91900000000000000000,9956.39700000000000000000
Primary Rough,10842.40500000000000000000,9951.54500000000000000000
Primary Rough,10879.21300000000000000000,9953.49800000000000000000
Primary Rough,10838.94700000000000000000,9940.89700000000000000000
Primary Rough,10839.71900000000000000000,9944.08600000000000000000
Primary Rough,10844.61700000000000000000,9940.46000000000000000000
Primary Rough,10780.52200000000000000000,9904.00800000000000000000
Primary Rough,10850.22600000000000000000,9948.53500000000000000000
Primary Rough,10882.93800000000000000000,9943.78100000000000000000
Primary Rough,10851.95900000000000000000,9886.47000000000000000000
Primary Rough,10638.45100000000000000000,9736.17500000000000000000
Primary Rough,10869.91700000000000000000,9946.27800000000000000000
Primary Rough,10816.69200000000000000000,9931.41400000000000000000
Primary Rough,10837.51600000000000000000,9982.09100000000000000000
Primary Rough,10872.92700000000000000000,9998.16100000000000000000
Primary Rough,10823.92100000000000000000,9962.35900000000000000000
Primary Rough,10829.86600000000000000000,9905.42700000000000000000
Primary Rough,10848.39300000000000000000,9982.65900000000000000000
Primary Rough,10822.32900000000000000000,9871.90800000000000000000
Primary Rough,10853.75700000000000000000,9887.60400000000000000000
Primary Rough,10880.80300000000000000000,9914.03400000000000000000
Primary Rough,10874.56000000000000000000,9909.38000000000000000000
Primary Rough,10815.72100000000000000000,9968.17800000000000000000
Primary Rough,10843.75800000000000000000,9974.22100000000000000000
Primary Rough,10826.84200000000000000000,9929.64300000000000000000
Primary Rough,10864.82800000000000000000,9954.92600000000000000000
Primary Rough,10777.89700000000000000000,9834.82900000000000000000
Primary Rough,10844.03200000000000000000,9958.05900000000000000000
Primary Rough,10863.95500000000000000000,9947.26300000000000000000
Primary Rough,10867.26100000000000000000,9934.87400000000000000000
Primary Rough,10807.00200000000000000000,9852.03200000000000000000
Primary Rough,10870.19100000000000000000,9936.25200000000000000000
Primary Rough,10868.80000000000000000000,9915.55000000000000000000
Primary Rough,10860.24800000000000000000,9950.93700000000000000000
Primary Rough,10840.24600000000000000000,9936.15600000000000000000
Primary Rough,10840.34400000000000000000,9954.38900000000000000000
Primary Rough,10822.26600000000000000000,9936.31900000000000000000
Primary Rough,10868.21500000000000000000,9957.46900000000000000000
Primary Rough,10834.70300000000000000000,9962.34200000000000000000
Primary Rough,10837.33600000000000000000,9944.65700000000000000000
Primary Rough,10843.15200000000000000000,9909.02500000000000000000
Primary Rough,10863.20200000000000000000,9947.14700000000000000000
Primary Rough,10855.67300000000000000000,9940.15500000000000000000
Primary Rough,10819.21300000000000000000,9945.86700000000000000000
Primary Rough,10850.27600000000000000000,9958.73400000000000000000
Primary Rough,10807.57000000000000000000,9956.10700000000000000000
Primary Rough,10879.76500000000000000000,9945.82300000000000000000
Primary Rough,10855.38700000000000000000,9998.15700000000000000000
Primary Rough,10880.55200000000000000000,9948.65900000000000000000
Primary Rough,10874.81800000000000000000,9950.86000000000000000000
Primary Rough,10884.46800000000000000000,9928.29800000000000000000
Primary Rough,10878.79700000000000000000,9949.88600000000000000000
Primary Rough,10863.50000000000000000000,9895.11000000000000000000
Primary Rough,10804.82600000000000000000,9932.71500000000000000000
Primary Rough,10862.13000000000000000000,9969.95100000000000000000
Primary Rough,10848.92500000000000000000,9944.26600000000000000000
Primary Rough,10870.71700000000000000000,9987.00900000000000000000
Primary Rough,10860.94000000000000000000,9914.62600000000000000000
Primary Rough,10825.71500000000000000000,9927.87600000000000000000
Primary Rough,10847.22700000000000000000,9998.87600000000000000000
Primary Rough,10838.98900000000000000000,9983.11400000000000000000
Primary Rough,10838.79100000000000000000,9965.79700000000000000000
Primary Rough,10867.24400000000000000000,9955.40400000000000000000
Primary Rough,10837.23700000000000000000,9999.33000000000000000000
Primary Rough,10834.79700000000000000000,9982.84500000000000000000
Primary Rough,10830.53100000000000000000,9945.95000000000000000000
Primary Rough,10814.25100000000000000000,9965.17000000000000000000
Primary Rough,10806.41600000000000000000,9931.46400000000000000000
Tee Box,10604.50000000000000000000,9736.57000000000000000000
Tee Box,10664.24100000000000000000,9639.08900000000000000000
Tee Box,10752.03300000000000000000,9553.84800000000000000000
Tee Box,10697.05200000000000000000,9535.29900000000000000000
Tee Box,10660.31200000000000000000,9593.10500000000000000000
Tee Box,10711.91800000000000000000,9578.96200000000000000000
Tee Box,10715.62800000000000000000,9672.76300000000000000000
Tee Box,10619.56100000000000000000,9588.38500000000000000000
Tee Box,10674.73800000000000000000,9597.96900000000000000000
Tee Box,10594.33000000000000000000,9605.89600000000000000000
Tee Box,10680.21600000000000000000,9636.21600000000000000000
Tee Box,10638.82900000000000000000,9474.09300000000000000000
Tee Box,10611.46400000000000000000,9581.93800000000000000000
Tee Box,10640.48100000000000000000,9542.21700000000000000000
Tee Box,10680.14500000000000000000,9636.34400000000000000000
Tee Box,10703.35200000000000000000,9455.06900000000000000000
Tee Box,10665.92800000000000000000,9614.20400000000000000000
Tee Box,10653.13400000000000000000,9626.44400000000000000000
Tee Box,10727.07600000000000000000,9517.72700000000000000000
Tee Box,10674.61000000000000000000,9613.77000000000000000000
Tee Box,10609.17800000000000000000,9607.53300000000000000000
Tee Box,10689.74900000000000000000,9579.72500000000000000000
Tee Box,10701.83200000000000000000,9645.91500000000000000000
Tee Box,10631.47400000000000000000,9629.72200000000000000000
Tee Box,10707.74400000000000000000,9659.21600000000000000000
Tee Box,10645.10700000000000000000,9621.32800000000000000000
Tee Box,10681.09800000000000000000,9539.49300000000000000000
Tee Box,10648.03400000000000000000,9627.86400000000000000000
Tee Box,10621.55500000000000000000,9593.67700000000000000000
Tee Box,10659.96700000000000000000,9611.27700000000000000000
Tee Box,10567.05600000000000000000,9516.88800000000000000000
Tee Box,10589.50100000000000000000,9704.13700000000000000000
Tee Box,10688.30800000000000000000,9538.83200000000000000000
Tee Box,10735.75800000000000000000,9544.69400000000000000000
Tee Box,10615.67800000000000000000,9631.29300000000000000000
Tee Box,10633.72600000000000000000,9597.00100000000000000000
Tee Box,10642.73600000000000000000,9537.60400000000000000000
Tee Box,10705.36500000000000000000,9545.03200000000000000000
Tee Box,10609.32300000000000000000,9475.55400000000000000000
Tee Box,10648.90100000000000000000,9565.49200000000000000000
Tee Box,10717.91300000000000000000,9541.53100000000000000000
Tee Box,10534.13500000000000000000,9515.97800000000000000000
Tee Box,10623.72800000000000000000,9541.08000000000000000000
Tee Box,10701.14800000000000000000,9503.51000000000000000000
Tee Box,10648.97300000000000000000,9500.50500000000000000000
Tee Box,10741.72000000000000000000,9595.67900000000000000000
Tee Box,10629.96600000000000000000,9632.85200000000000000000
Tee Box,10597.10300000000000000000,9578.57200000000000000000
Tee Box,10687.14000000000000000000,9664.97600000000000000000
Tee Box,10655.98100000000000000000,9636.29100000000000000000
Tee Box,10689.49700000000000000000,9587.28000000000000000000
Tee Box,10626.17200000000000000000,9584.74700000000000000000
Tee Box,10668.00000000000000000000,9691.68000000000000000000
Tee Box,10654.26300000000000000000,9625.31600000000000000000
Tee Box,10684.15600000000000000000,9538.65800000000000000000
Tee Box,10684.49400000000000000000,9494.38300000000000000000
Tee Box,10629.91500000000000000000,9482.75100000000000000000
Tee Box,10655.69700000000000000000,9416.45600000000000000000
Tee Box,10561.67200000000000000000,9466.61400000000000000000
Tee Box,10532.11500000000000000000,9568.55500000000000000000
Tee Box,10621.93600000000000000000,9606.36900000000000000000
Tee Box,10588.89700000000000000000,9657.70200000000000000000
Tee Box,10685.89800000000000000000,9667.35800000000000000000
Tee Box,10731.01700000000000000000,9580.63000000000000000000
Tee Box,10755.96300000000000000000,9530.05200000000000000000
Tee Box,10714.91500000000000000000,9594.12100000000000000000
Tee Box,10639.25800000000000000000,9585.60800000000000000000
Tee Box,10623.71300000000000000000,9708.86800000000000000000
Tee Box,10673.96200000000000000000,9557.27800000000000000000
Tee Box,10730.32500000000000000000,9468.20200000000000000000
Tee Box,10713.39400000000000000000,9505.80700000000000000000
Tee Box,10577.75200000000000000000,9550.82100000000000000000
Tee Box,10660.20100000000000000000,9558.17700000000000000000
Tee Box,10604.94400000000000000000,9615.85800000000000000000
Tee Box,10628.46000000000000000000,9478.49000000000000000000
Tee Box,10737.06900000000000000000,9469.86100000000000000000
Tee Box,10585.74900000000000000000,9592.39700000000000000000
Tee Box,10627.40000000000000000000,9424.11000000000000000000
Tee Box,10558.96700000000000000000,9478.05200000000000000000
Tee Box,10584.05900000000000000000,9558.08600000000000000000
Tee Box,10643.51900000000000000000,9542.86300000000000000000
Tee Box,10725.49300000000000000000,9609.15000000000000000000
Tee Box,10653.00800000000000000000,9605.48100000000000000000
Tee Box,10609.10500000000000000000,9568.76300000000000000000
Tee Box,10731.32200000000000000000,9602.82500000000000000000
Tee Box,10726.68200000000000000000,9615.04800000000000000000
Tee Box,10693.01700000000000000000,9642.96700000000000000000
Tee Box,10690.81800000000000000000,9516.92200000000000000000
Tee Box,10688.70000000000000000000,9535.35000000000000000000
Tee Box,10731.32100000000000000000,9518.93000000000000000000
Tee Box,10730.98100000000000000000,9603.02100000000000000000
Tee Box,10689.16200000000000000000,9744.76600000000000000000
Tee Box,10671.43200000000000000000,9689.45100000000000000000
Tee Box,10726.47300000000000000000,9635.92200000000000000000
Tee Box,10662.79100000000000000000,9649.78500000000000000000
Tee Box,10651.35600000000000000000,9625.63100000000000000000
Tee Box,10602.38300000000000000000,9580.87300000000000000000
Tee Box,10681.44800000000000000000,9650.59800000000000000000
Tee Box,10669.80600000000000000000,9619.02000000000000000000
Tee Box,10539.46400000000000000000,9607.81100000000000000000
Tee Box,10689.86200000000000000000,9657.97100000000000000000
Tee Box,10623.05900000000000000000,9545.68700000000000000000
Tee Box,10652.68500000000000000000,9606.84500000000000000000
Tee Box,10553.40000000000000000000,9636.20000000000000000000
Tee Box,10633.78700000000000000000,9601.23000000000000000000
Tee Box,10670.54300000000000000000,9669.47900000000000000000
Tee Box,10669.16400000000000000000,9637.87900000000000000000
Tee Box,10665.85200000000000000000,9660.93700000000000000000
Tee Box,10695.41100000000000000000,9573.64100000000000000000
Tee Box,10651.40000000000000000000,9603.50700000000000000000
Tee Box,10665.51800000000000000000,9606.54000000000000000000
Tee Box,10684.88900000000000000000,9637.93500000000000000000
Tee Box,10654.00100000000000000000,9582.27300000000000000000
Tee Box,10605.12500000000000000000,9506.38600000000000000000
Tee Box,10670.86300000000000000000,9578.03700000000000000000
Tee Box,10627.75800000000000000000,9601.01900000000000000000
Tee Box,10679.13300000000000000000,9685.37000000000000000000
Tee Box,10701.42300000000000000000,9741.25400000000000000000
Tee Box,10650.37900000000000000000,9636.66100000000000000000
Tee Box,10589.08800000000000000000,9671.31000000000000000000
Tee Box,10715.03500000000000000000,9597.29100000000000000000
Tee Box,10645.72300000000000000000,9601.68900000000000000000
Tee Box,10626.00900000000000000000,9610.75500000000000000000
Tee Box,10694.12300000000000000000,9680.62500000000000000000
Tee Box,10550.74600000000000000000,9549.38500000000000000000
Tee Box,10556.40000000000000000000,9459.82000000000000000000
Tee Box,10727.96700000000000000000,9538.22100000000000000000
Tee Box,10583.46200000000000000000,9527.00500000000000000000
Tee Box,10593.57200000000000000000,9530.36200000000000000000
Tee Box,10677.54400000000000000000,9313.31800000000000000000
Tee Box,10649.22900000000000000000,9499.57200000000000000000
Tee Box,10617.48400000000000000000,9510.97000000000000000000
Tee Box,10706.89200000000000000000,9596.42900000000000000000
Tee Box,10666.24500000000000000000,9653.76100000000000000000
Tee Box,10668.99200000000000000000,9493.46600000000000000000
Tee Box,10546.41500000000000000000,9587.03000000000000000000
Tee Box,10657.33500000000000000000,9597.89700000000000000000
Tee Box,10702.48900000000000000000,9563.60300000000000000000
Tee Box,10663.63200000000000000000,9594.55600000000000000000
Tee Box,10597.76300000000000000000,9536.60000000000000000000
Tee Box,10607.07300000000000000000,9616.27600000000000000000
Tee Box,10709.53900000000000000000,9633.60100000000000000000
Tee Box,10719.90500000000000000000,9601.34100000000000000000
Tee Box,10658.12700000000000000000,9600.45800000000000000000
Tee Box,10648.46000000000000000000,9568.34800000000000000000
Tee Box,10647.90700000000000000000,9549.66500000000000000000
Tee Box,10588.90300000000000000000,9578.47600000000000000000
Tee Box,10602.89200000000000000000,9577.34400000000000000000
Tee Box,10705.20400000000000000000,9600.38000000000000000000
Tee Box,10663.60800000000000000000,9500.37800000000000000000
Tee Box,10509.47500000000000000000,9509.79900000000000000000
Tee Box,10684.34500000000000000000,9614.12000000000000000000
Tee Box,10724.85300000000000000000,9576.74100000000000000000
Tee Box,10624.25800000000000000000,9579.28100000000000000000
Tee Box,10654.59000000000000000000,9512.20500000000000000000
Tee Box,10636.50600000000000000000,9562.79900000000000000000
Tee Box,10521.42100000000000000000,9517.60200000000000000000
Tee Box,10645.25000000000000000000,9554.80200000000000000000
Tee Box,10658.42900000000000000000,9489.48100000000000000000
Tee Box,10625.06900000000000000000,9588.91500000000000000000
Tee Box,10671.91200000000000000000,9541.61200000000000000000
Tee Box,10641.93600000000000000000,9555.33200000000000000000
Tee Box,10724.51500000000000000000,9584.71800000000000000000
Tee Box,10582.75000000000000000000,9602.76300000000000000000
Tee Box,10713.19400000000000000000,9606.96000000000000000000
Tee Box,10715.43000000000000000000,9526.31000000000000000000
Tee Box,10664.60500000000000000000,9596.66000000000000000000
Tee Box,10617.05700000000000000000,9627.50300000000000000000
Tee Box,10659.09700000000000000000,9600.64800000000000000000
Tee Box,10615.56100000000000000000,9593.52400000000000000000
Tee Box,10674.18100000000000000000,9518.58900000000000000000
Tee Box,10582.11100000000000000000,9498.32700000000000000000
Tee Box,10613.02300000000000000000,9547.11300000000000000000
Tee Box,10650.28600000000000000000,9537.61200000000000000000
Tee Box,10710.98000000000000000000,9616.78100000000000000000
Tee Box,10626.55000000000000000000,9625.53600000000000000000
Tee Box,10600.92000000000000000000,9372.22900000000000000000
Tee Box,10699.50000000000000000000,9576.94000000000000000000
Tee Box,10591.59500000000000000000,9537.55700000000000000000
Tee Box,10661.33800000000000000000,9595.82100000000000000000
Tee Box,10671.25200000000000000000,9589.50000000000000000000
Tee Box,10727.16000000000000000000,9552.61400000000000000000
Tee Box,10726.94300000000000000000,9552.45000000000000000000
Tee Box,10645.68800000000000000000,9554.76600000000000000000
Tee Box,10718.05300000000000000000,9619.64700000000000000000
Tee Box,10656.94700000000000000000,9614.06900000000000000000
Tee Box,10657.99000000000000000000,9358.27400000000000000000
Tee Box,10722.08600000000000000000,9562.60000000000000000000
Tee Box,10595.00200000000000000000,9712.82400000000000000000
Tee Box,10640.67600000000000000000,9641.29700000000000000000
Tee Box,10676.68400000000000000000,9598.53400000000000000000
Tee Box,10642.89100000000000000000,9629.29900000000000000000
Tee Box,10569.98900000000000000000,9604.63500000000000000000
Tee Box,10663.60600000000000000000,9634.95600000000000000000
Tee Box,10693.69200000000000000000,9570.33500000000000000000
Tee Box,10587.90000000000000000000,9604.69000000000000000000
Tee Box,10668.92400000000000000000,9625.23300000000000000000
Tee Box,10671.68500000000000000000,9657.57800000000000000000
Tee Box,10678.18100000000000000000,9464.87900000000000000000
Tee Box,10622.08200000000000000000,9616.30600000000000000000
Tee Box,10603.75000000000000000000,9583.59300000000000000000
Tee Box,10637.00400000000000000000,9590.43800000000000000000
Tee Box,10642.97300000000000000000,9544.05500000000000000000
Tee Box,10618.71500000000000000000,9511.79700000000000000000
Tee Box,10776.74800000000000000000,9559.69800000000000000000
Tee Box,10670.12600000000000000000,9640.51000000000000000000
Tee Box,10684.04600000000000000000,9656.37500000000000000000
Tee Box,10657.18800000000000000000,9629.81700000000000000000
Tee Box,10729.06400000000000000000,9548.30200000000000000000
Tee Box,10738.65100000000000000000,9672.80600000000000000000
Tee Box,10734.85300000000000000000,9533.60600000000000000000
Tee Box,10613.56500000000000000000,9592.56000000000000000000
Tee Box,10599.63300000000000000000,9562.94500000000000000000
Tee Box,10652.85900000000000000000,9548.92800000000000000000
Tee Box,10631.84600000000000000000,9586.17700000000000000000
Tee Box,10628.44900000000000000000,9580.32600000000000000000
Tee Box,10679.31600000000000000000,9570.85900000000000000000
Tee Box,10653.78300000000000000000,9547.99700000000000000000
Tee Box,10606.45000000000000000000,9614.63200000000000000000
Tee Box,10664.89700000000000000000,9566.06100000000000000000
Tee Box,10709.49000000000000000000,9551.44800000000000000000
Tee Box,10654.98000000000000000000,9603.99500000000000000000
Tee Box,10655.10700000000000000000,9595.42200000000000000000
Tee Box,10578.67600000000000000000,9596.13100000000000000000
Tee Box,10649.20900000000000000000,9546.87300000000000000000
Tee Box,10675.94300000000000000000,9580.93900000000000000000
Tee Box,10737.36400000000000000000,9548.99400000000000000000
Tee Box,10724.36800000000000000000,9443.09900000000000000000
Tee Box,10631.53900000000000000000,9612.31400000000000000000
Tee Box,10633.25500000000000000000,9553.34500000000000000000
Tee Box,10556.61900000000000000000,9643.36000000000000000000
Tee Box,10691.05500000000000000000,9610.98700000000000000000
Tee Box,10706.85500000000000000000,9497.61300000000000000000
Tee Box,10673.29500000000000000000,9630.40000000000000000000
Tee Box,10714.70000000000000000000,9570.40000000000000000000
Tee Box,10702.00400000000000000000,9556.59500000000000000000
Tee Box,10643.41100000000000000000,9637.85700000000000000000
Tee Box,10604.05000000000000000000,9648.02500000000000000000
Tee Box,10616.43700000000000000000,9573.67800000000000000000
Tee Box,10703.45000000000000000000,9516.43200000000000000000
Tee Box,10588.71200000000000000000,9540.12300000000000000000
Tee Box,10688.75200000000000000000,9636.94100000000000000000
Tee Box,10737.23800000000000000000,9558.31700000000000000000
Tee Box,10653.75300000000000000000,9561.55900000000000000000
Tee Box,10604.72000000000000000000,9537.24900000000000000000
Tee Box,10677.28800000000000000000,9618.52400000000000000000
Tee Box,10679.41100000000000000000,9536.27100000000000000000
Tee Box,10555.32200000000000000000,9463.92700000000000000000
Tee Box,10667.40000000000000000000,9645.65000000000000000000
Tee Box,10671.05300000000000000000,9659.16300000000000000000
Tee Box,10697.89800000000000000000,9498.92700000000000000000
Tee Box,10695.34900000000000000000,9701.35100000000000000000
Tee Box,10667.17400000000000000000,9683.06700000000000000000
Tee Box,10689.83800000000000000000,9587.39300000000000000000
Tee Box,10712.56200000000000000000,9606.70400000000000000000
Tee Box,10531.90000000000000000000,9489.64000000000000000000
Tee Box,10748.87700000000000000000,9531.07400000000000000000
Tee Box,10658.47100000000000000000,9600.31100000000000000000
Tee Box,10687.95000000000000000000,9436.64600000000000000000
Tee Box,10562.49300000000000000000,9549.20500000000000000000
Tee Box,10582.70000000000000000000,9523.72000000000000000000
Tee Box,10669.08300000000000000000,9607.11200000000000000000
Tee Box,10596.29800000000000000000,9534.84700000000000000000
Tee Box,10656.40600000000000000000,9493.65600000000000000000
Tee Box,10651.52200000000000000000,9648.61500000000000000000
Tee Box,10704.00700000000000000000,9549.71900000000000000000
Tee Box,10574.00000000000000000000,9512.83000000000000000000
Tee Box,10655.25700000000000000000,9480.02100000000000000000
Tee Box,10704.07700000000000000000,9622.91200000000000000000
Tee Box,10590.61700000000000000000,9545.02300000000000000000
Tee Box,10605.37200000000000000000,9559.71700000000000000000
Tee Box,10702.49000000000000000000,9572.02300000000000000000
Tee Box,10487.30000000000000000000,9613.03000000000000000000
Tee Box,10629.30900000000000000000,9631.55600000000000000000
Tee Box,10623.62700000000000000000,9551.80600000000000000000
Tee Box,10581.29400000000000000000,9569.36300000000000000000
Tee Box,10632.11000000000000000000,9627.19300000000000000000
Tee Box,10654.39500000000000000000,9597.57800000000000000000
Tee Box,10724.98100000000000000000,9544.19700000000000000000
Tee Box,10690.29400000000000000000,9547.35000000000000000000
Tee Box,10645.46800000000000000000,9566.90200000000000000000
Tee Box,10685.86800000000000000000,9553.75600000000000000000
Tee Box,10688.94500000000000000000,9532.46600000000000000000
Tee Box,10679.91100000000000000000,9660.28000000000000000000
Tee Box,10611.55600000000000000000,9626.09400000000000000000
Tee Box,10686.41800000000000000000,9646.28400000000000000000
Tee Box,10665.31700000000000000000,9658.76300000000000000000
Tee Box,10680.40300000000000000000,9610.73300000000000000000
Tee Box,10665.59800000000000000000,9650.17000000000000000000
Tee Box,10689.20100000000000000000,9658.83600000000000000000
Tee Box,10620.54600000000000000000,9633.59700000000000000000
Tee Box,10598.41300000000000000000,9557.50300000000000000000
Tee Box,10541.58200000000000000000,9585.69300000000000000000
Tee Box,10644.31100000000000000000,9631.13800000000000000000
Tee Box,10716.07400000000000000000,9531.13700000000000000000
Tee Box,10681.26000000000000000000,9599.00800000000000000000
Tee Box,10739.34500000000000000000,9504.13500000000000000000
Tee Box,10740.72100000000000000000,9581.84900000000000000000
Tee Box,10642.25400000000000000000,9611.00700000000000000000
Tee Box,10611.46700000000000000000,9595.06900000000000000000
Tee Box,10690.00900000000000000000,9562.88600000000000000000
Tee Box,10785.49300000000000000000,9641.03900000000000000000
Tee Box,10656.88800000000000000000,9485.38900000000000000000
Tee Box,10513.71300000000000000000,9475.30200000000000000000
Tee Box,10679.38500000000000000000,9595.11500000000000000000
Tee Box,10614.01500000000000000000,9550.57000000000000000000
Tee Box,10657.82800000000000000000,9531.84200000000000000000
Tee Box,10648.06900000000000000000,9601.56000000000000000000
Tee Box,10623.89200000000000000000,9560.50400000000000000000
Tee Box,10612.73800000000000000000,9489.47100000000000000000
Tee Box,10640.08600000000000000000,9415.57900000000000000000
Tee Box,10609.84000000000000000000,9605.00900000000000000000
Tee Box,10722.98300000000000000000,9687.53300000000000000000
Tee Box,10624.13600000000000000000,9729.32900000000000000000
Tee Box,10576.10700000000000000000,9614.75500000000000000000
Tee Box,10667.76000000000000000000,9556.44800000000000000000
Tee Box,10683.83700000000000000000,9708.39200000000000000000
Tee Box,10727.33700000000000000000,9579.99700000000000000000
Tee Box,10707.10700000000000000000,9365.53500000000000000000
Tee Box,10696.10800000000000000000,9752.15800000000000000000
Tee Box,10584.92100000000000000000,9628.74500000000000000000
Tee Box,10538.01200000000000000000,9535.47900000000000000000
Tee Box,10675.38100000000000000000,9592.25200000000000000000
Tee Box,10641.84800000000000000000,9269.08000000000000000000
Tee Box,10734.34300000000000000000,9531.08700000000000000000
Tee Box,10674.16500000000000000000,9570.08100000000000000000
Tee Box,10671.80000000000000000000,9705.08000000000000000000
Tee Box,10613.75100000000000000000,9607.97400000000000000000
Tee Box,10762.33400000000000000000,9550.61400000000000000000
Tee Box,10660.63100000000000000000,9605.89300000000000000000
Tee Box,10594.78200000000000000000,9533.79400000000000000000
Tee Box,10701.79800000000000000000,9669.89300000000000000000
Tee Box,10639.86100000000000000000,9602.63400000000000000000
Tee Box,10647.19300000000000000000,9563.74800000000000000000
Tee Box,10675.85600000000000000000,9571.89100000000000000000
Tee Box,10722.55500000000000000000,9670.05400000000000000000
Tee Box,10655.56900000000000000000,9632.06400000000000000000
Tee Box,10716.88000000000000000000,9599.77200000000000000000
Tee Box,10593.29900000000000000000,9572.43600000000000000000
Tee Box,10731.56600000000000000000,9739.06900000000000000000
Tee Box,10691.00700000000000000000,9659.62200000000000000000
Tee Box,10665.75800000000000000000,9648.05300000000000000000
Tee Box,10591.20700000000000000000,9613.39100000000000000000
Tee Box,10702.35900000000000000000,9700.46800000000000000000
Tee Box,10664.08400000000000000000,9541.12500000000000000000
Tee Box,10683.97700000000000000000,9572.54400000000000000000
Tee Box,10741.03700000000000000000,9598.01900000000000000000
Tee Box,10655.63000000000000000000,9580.81100000000000000000
Tee Box,10725.36700000000000000000,9610.18400000000000000000
Tee Box,10616.74000000000000000000,9633.05600000000000000000
Tee Box,10708.93500000000000000000,9514.88100000000000000000
Tee Box,10713.08500000000000000000,9392.39500000000000000000
Tee Box,10688.37800000000000000000,9666.55100000000000000000
Tee Box,10676.39500000000000000000,9597.54900000000000000000
Tee Box,10521.83400000000000000000,9515.22200000000000000000
Tee Box,10722.48500000000000000000,9477.51300000000000000000
Tee Box,10670.56100000000000000000,9554.19100000000000000000
Tee Box,10691.28400000000000000000,9549.96400000000000000000
Tee Box,10647.10400000000000000000,9570.50300000000000000000
Tee Box,10656.40000000000000000000,9683.71000000000000000000
Tee Box,10684.70000000000000000000,9571.72700000000000000000
Tee Box,10596.38000000000000000000,9516.91100000000000000000
Tee Box,10691.60400000000000000000,9616.19900000000000000000
Tee Box,10587.60000000000000000000,9599.92000000000000000000
Tee Box,10667.44000000000000000000,9560.41200000000000000000
Tee Box,10700.14400000000000000000,9656.47300000000000000000
Tee Box,10607.10000000000000000000,9582.64000000000000000000
Tee Box,10708.53000000000000000000,9524.81300000000000000000
Tee Box,10678.34500000000000000000,9565.48700000000000000000
Tee Box,10655.90500000000000000000,9469.98300000000000000000
Tee Box,10639.83700000000000000000,9531.06500000000000000000
Tee Box,10698.71700000000000000000,9577.71000000000000000000
Tee Box,10665.34700000000000000000,9694.68800000000000000000
Tee Box,10679.27200000000000000000,9540.57300000000000000000
Tee Box,10678.64800000000000000000,9640.77300000000000000000
Tee Box,10678.04000000000000000000,9570.17700000000000000000
Tee Box,10700.93700000000000000000,9566.28900000000000000000
Tee Box,10632.02400000000000000000,9615.83900000000000000000
Tee Box,10700.06100000000000000000,9652.31400000000000000000
Tee Box,10761.46000000000000000000,9612.26300000000000000000
Tee Box,10662.10400000000000000000,9641.24200000000000000000
Tee Box,10715.42500000000000000000,9592.00000000000000000000
Tee Box,10640.30100000000000000000,9628.20400000000000000000
Tee Box,10669.50800000000000000000,9647.22000000000000000000
Tee Box,10652.16800000000000000000,9673.31200000000000000000
Tee Box,10690.53800000000000000000,9594.65100000000000000000
Tee Box,10610.67400000000000000000,9623.23800000000000000000
Tee Box,10577.91500000000000000000,9667.44000000000000000000
Tee Box,10685.77800000000000000000,9554.09000000000000000000
Tee Box,10633.39100000000000000000,9599.84500000000000000000
Tee Box,10507.45500000000000000000,9511.64700000000000000000
Tee Box,10675.33900000000000000000,9591.41600000000000000000
Tee Box,10759.10300000000000000000,9593.87000000000000000000
Tee Box,10706.13700000000000000000,9633.32100000000000000000
Tee Box,10711.46800000000000000000,9543.29200000000000000000
Tee Box,10653.50400000000000000000,9565.88400000000000000000
Tee Box,10703.32700000000000000000,9607.08600000000000000000
Tee Box,10726.20100000000000000000,9569.63300000000000000000
Tee Box,10706.73400000000000000000,9557.88500000000000000000
Tee Box,10645.10700000000000000000,9621.32800000000000000000
Tee Box,10786.84000000000000000000,9632.44800000000000000000
Tee Box,10691.26400000000000000000,9521.32700000000000000000
Tee Box,10755.55300000000000000000,9518.44300000000000000000
Tee Box,10693.88300000000000000000,9628.62500000000000000000
Tee Box,10636.92700000000000000000,9575.29200000000000000000
Tee Box,10710.77800000000000000000,9564.83700000000000000000
Tee Box,10721.49700000000000000000,9602.22900000000000000000
Tee Box,10663.80500000000000000000,9629.85000000000000000000
Tee Box,10644.23000000000000000000,9546.19500000000000000000
Tee Box,10660.82700000000000000000,9645.18400000000000000000
Tee Box,10624.15400000000000000000,9593.30200000000000000000
Tee Box,10653.81200000000000000000,9628.35000000000000000000
Tee Box,10642.29500000000000000000,9644.44200000000000000000
Tee Box,10647.37400000000000000000,9640.04900000000000000000
Tee Box,10660.88300000000000000000,9616.62800000000000000000
Tee Box,10652.41500000000000000000,9583.98500000000000000000
Tee Box,10612.57000000000000000000,9519.04800000000000000000
Tee Box,10607.00000000000000000000,9640.84000000000000000000
Tee Box,10591.83400000000000000000,9577.49600000000000000000
Tee Box,10717.88200000000000000000,9553.04600000000000000000
Tee Box,10608.92300000000000000000,9560.56300000000000000000
Tee Box,10632.91800000000000000000,9615.23800000000000000000
Tee Box,10561.90000000000000000000,9555.71000000000000000000
Tee Box,10667.13500000000000000000,9626.60600000000000000000
Tee Box,10572.30000000000000000000,9487.18000000000000000000
Tee Box,10708.65900000000000000000,9581.64400000000000000000
Tee Box,10654.77200000000000000000,9626.34600000000000000000
Tee Box,10695.87000000000000000000,9501.07300000000000000000
Tee Box,10618.48000000000000000000,9590.51000000000000000000
Unknown,10557.90000000000000000000,9553.98000000000000000000
Unknown,10603.94000000000000000000,9643.74700000000000000000
Unknown,10578.80000000000000000000,9596.63000000000000000000
Unknown,10581.60000000000000000000,9602.24000000000000000000
Unknown,10815.30000000000000000000,10031.60000000000000000000
Unknown,10553.10000000000000000000,9544.95000000000000000000
Unknown,10539.77000000000000000000,9476.81200000000000000000
Unknown,10580.59200000000000000000,9607.22000000000000000000
Unknown,10588.80000000000000000000,9586.33000000000000000000
Unknown,10624.80000000000000000000,9693.85000000000000000000
Unknown,10825.80000000000000000000,9986.26000000000000000000
